abc,country,target_groups,contracts,name,street,city,postal_code,phone,fax,web,email,services,latitude,longitude,garage_id,sources
abc,ESP,Direct Marketer,Würth,Alajärvi,Kuopiontie 2,Alajärvi,62900,103084360,,https://www.wurth.fi/fi/wurth_fi/center/wuerth_centerit/nl_detail_1_1075.php,alajarvi@wurth.fi,,63.01284,23.7993,0434,https://www.wurth.fi/
abc,ESP,Direct Marketer,Würth,Alavus,Telekuja 7,Alavus,63300,103085370,,https://www.wurth.fi/fi/wurth_fi/center/wuerth_centerit/nl_detail_1_6592.php,alavus@wurth.fi,,62.59284,23.60648,0701,https://www.wurth.fi/
abc,ESP,Direct Marketer,Würth,"Espoo, Kivenlahti",Höyrylaivantie 20,Espoo,02320,103082500,,https://www.wurth.fi/fi/wurth_fi/center/wuerth_centerit/nl_detail_1_2240.php,espoo.kivenlahti@wurth.fi,,60.152584,24.660788,0530,https://www.wurth.fi/
abc,ESP,Direct Marketer,Würth,"Espoo, Muurala",Nimismiehenpelto 4 A,Espoo,02770,103082520,,https://www.wurth.fi/fi/wurth_fi/center/wuerth_centerit/nl_detail_1_961.php,espoo.muurala@wurth.fi,,60.21567,24.65242,0175,https://www.wurth.fi/
abc,ESP,Direct Marketer,Würth,"Espoo, Olarinluoma",Luomannotko 2,Espoo,02200,103082540,,https://www.wurth.fi/fi/wurth_fi/center/wuerth_centerit/nl_detail_1_1046.php,espoo.olarinluoma@wurth.fi,,60.178718,24.758252,0322,https://www.wurth.fi/
abc,ESP,Direct Marketer,Würth,"Espoo, Suomenoja",Ennekuja 2,Espoo,02270,103082510,,https://www.wurth.fi/fi/wurth_fi/center/wuerth_centerit/nl_detail_1_1021.php,Espoo.Suomenoja@Wurth.fi,,60.15596,24.69659,0149,https://www.wurth.fi/
abc,ESP,Direct Marketer,Würth,Eura,Rakentajantie 2,Eura,27510,103085060,,https://www.wurth.fi/fi/wurth_fi/center/wuerth_centerit/nl_detail_1_1008.php,eura@wurth.fi,,61.13273,22.14378,0377,https://www.wurth.fi/
abc,ESP,Direct Marketer,Würth,"Eurajoki, Olkiluoto",Ulkokiventie 2-4,Eurajoki,27160,103084190,,https://www.wurth.fi/fi/wurth_fi/center/wuerth_centerit/nl_detail_1_1043.php,olkiluoto@wurth.fi,,61.23637,21.47531,0184,https://www.wurth.fi/
abc,ESP,Direct Marketer,Würth,Forssa,Nikkilänkatu 1,Forssa,30100,103083260,,https://www.wurth.fi/fi/wurth_fi/center/wuerth_centerit/nl_detail_1_1019.php,forssa@Wurth.fi,,60.82157,23.62874,0124,https://www.wurth.fi/
abc,ESP,Direct Marketer,Würth,Hamina,Rimamöljänkatu 2,Hamina,49400,103085360,,https://www.wurth.fi/fi/wurth_fi/center/wuerth_centerit/nl_detail_1_1026.php,hamina.keskusta@Wurth.fi,,60.56618,27.18835,0343,https://www.wurth.fi/
abc,ESP,Direct Marketer,Würth,Hanko,Märsänkatu 2,Hanko,10960,103084230,,https://www.wurth.fi/fi/wurth_fi/center/wuerth_centerit/nl_detail_1_1100.php,hanko@Wurth.fi,,59.83185,22.98981,0359,https://www.wurth.fi/
abc,ESP,Direct Marketer,Würth,Harjavalta,Asema-aukio 2,Harjavalta,29200,103084010,,https://www.wurth.fi/fi/wurth_fi/center/wuerth_centerit/nl_detail_1_964.php,harjavalta@Wurth.fi,,61.31071,22.13467,0116,https://www.wurth.fi/
abc,ESP,Direct Marketer,Würth,Heinola,Siltakatu 1,Heinola,18100,103083240,,https://www.wurth.fi/fi/wurth_fi/center/wuerth_centerit/nl_detail_1_1071.php,heinola@Wurth.fi,,61.200203,26.034293,0159,https://www.wurth.fi/
abc,ESP,Direct Marketer,Würth,"Helsinki, Herttoniemi",Sahaajankatu 40,Helsinki,00880,103082530,,https://www.wurth.fi/fi/wurth_fi/center/wuerth_centerit/nl_detail_1_1093.php,helsinki.herttoniemi@Wurth.fi,,60.20373,25.04896,0145,https://www.wurth.fi/
abc,ESP,Direct Marketer,Würth,"Helsinki, Jätkäsaari",Laivapojanaukio 2,Helsinki,00180,103082910,,https://www.wurth.fi/fi/wurth_fi/center/wuerth_centerit/nl_detail_1_1033.php,helsinki.jatkasaari@Wurth.fi,,60.15872,24.91306,0356,https://www.wurth.fi/
abc,ESP,Direct Marketer,Würth,"Helsinki, Kamppi",Kansakoulukuja 3 A,Helsinki,00100,103082570,,https://www.wurth.fi/fi/wurth_fi/center/wuerth_centerit/nl_detail_1_1096.php,helsinki.kamppi@wurth.fi,,60.167548,24.933739,0121,https://www.wurth.fi/
abc,ESP,Direct Marketer,Würth,"Helsinki, Konala",Ristipellontie 15,Helsinki,00390,103082550,,https://www.wurth.fi/fi/wurth_fi/center/wuerth_centerit/nl_detail_1_1025.php,helsinki.konala@Wurth.fi,,60.24063,24.84869,0127,https://www.wurth.fi/
abc,ESP,Direct Marketer,Würth,"Helsinki, Kruunuvuorenranta",Saaristolaivastokatu 19,Helsinki,00590,103082890,,https://www.wurth.fi/fi/wurth_fi/center/wuerth_centerit/nl_detail_1_7232.php,helsinki.kruunuvuorenranta@Wurth.fi,,60.163659,25.013407,0715,https://www.wurth.fi/
abc,ESP,Direct Marketer,Würth,"Helsinki, Merihaka",Haapaniemenkatu 7-9B,Helsinki,00530,103082940,,https://www.wurth.fi/fi/wurth_fi/center/wuerth_centerit/nl_detail_1_5696.php,helsinki.merihaka@wurth.fi,,60.17982406874979,24.958794256229847,0657,https://www.wurth.fi/
abc,ESP,Direct Marketer,Würth,"Helsinki, Oulunkylä",Isopellontie 5,Helsinki,00720,103082780,,https://www.wurth.fi/fi/wurth_fi/center/wuerth_centerit/nl_detail_1_6656.php,helsinki.oulunkyla@wurth.fi,,60.24122,24.97936,0705,https://www.wurth.fi/
abc,ESP,Direct Marketer,Würth,"Helsinki, Pasila",Asemapäällikönkatu 7,Helsinki,00520,103085290,,https://www.wurth.fi/fi/wurth_fi/center/wuerth_centerit/nl_detail_1_1099.php,helsinki.pasila@wurth.fi,,60.198865,24.939371,0394,https://www.wurth.fi/
abc,ESP,Direct Marketer,Würth,"Helsinki, Postipuisto",Postintaival 11,Helsinki,00620,103082930,,https://www.wurth.fi/fi/wurth_fi/center/wuerth_centerit/nl_detail_1_3712.php,Helsinki.Postipuisto@Wurth.fi,,60.218733,24.923072,0613,https://www.wurth.fi/
abc,ESP,Direct Marketer,Würth,"Helsinki, Sörnäinen",Panimokatu 1,Helsinki,00580,103082590,,https://www.wurth.fi/fi/wurth_fi/center/wuerth_centerit/nl_detail_1_1102.php,helsinki.sornainen@Wurth.fi,,60.188916,24.973278,0152,https://www.wurth.fi/
abc,ESP,Direct Marketer,Würth,"Helsinki, Tattariharju",Takoraudantie 1,Helsinki,00700,103082900,,https://www.wurth.fi/fi/wurth_fi/center/wuerth_centerit/nl_detail_1_1082.php,helsinki.tattariharju@Wurth.fi,,60.2442,25.04535,0103,https://www.wurth.fi/
abc,ESP,Direct Marketer,Würth,"Helsinki, Vallila",Mäkelänkatu 29,Helsinki,00550,103082950,,https://www.wurth.fi/fi/wurth_fi/center/wuerth_centerit/nl_detail_1_8192.php,helsinki.vallila@wurth.fi,,60.19496,24.95701,0745,https://www.wurth.fi/
abc,ESP,Direct Marketer,Würth,"Helsinki, Vuosaari",Rahtarinkatu 5,Helsinki,00980,103082920,,https://www.wurth.fi/fi/wurth_fi/center/wuerth_centerit/nl_detail_1_1001.php,helsinki.vuosaari@Wurth.fi,,60.223367,25.170588,0195,https://www.wurth.fi/
abc,ESP,Direct Marketer,Würth,Hollola,Terveystie 18,Hollola,15860,103083230,,https://www.wurth.fi/fi/wurth_fi/center/wuerth_centerit/nl_detail_1_1101.php,hollola@Wurth.fi,,60.98837,25.53242,0162,https://www.wurth.fi/
abc,ESP,Direct Marketer,Würth,Huittinen,Loimijoentie 54,Huittinen,32700,103083040,,https://www.wurth.fi/fi/wurth_fi/center/wuerth_centerit/nl_detail_1_965.php,huittinen@Wurth.fi,,61.16867,22.68259,0325,https://www.wurth.fi/
abc,ESP,Direct Marketer,Würth,"Hyvinkää, Koneenkatu",Koneenkatu 2,Hyvinkää,05830,103082640,,https://www.wurth.fi/fi/wurth_fi/center/wuerth_centerit/nl_detail_1_1037.php,hyvinkaa@Wurth.fi,,60.62561,24.83785,0161,https://www.wurth.fi/
abc,ESP,Direct Marketer,Würth,"Hyvinkää, Sillankorvankatu",Sillankorvankatu 11,Hyvinkää,05810,103082750,,https://www.wurth.fi/fi/wurth_fi/center/wuerth_centerit/nl_detail_1_1048.php,hyvinkaa.sillankorvankatu@Wurth.fi,,60.62772,24.86537,0372,https://www.wurth.fi/
abc,ESP,Direct Marketer,Würth,"Hämeenlinna, Hätilä",Keilakatu 1,Hämeenlinna,13210,103083020,,https://www.wurth.fi/fi/wurth_fi/center/wuerth_centerit/nl_detail_1_1095.php,hameenlinna.hatila@Wurth.fi,,60.99976,24.48958,0196,https://www.wurth.fi/
abc,ESP,Direct Marketer,Würth,"Hämeenlinna, Tiiriö",Kedontie 2,Hämeenlinna,13130,103083000,,https://www.wurth.fi/fi/wurth_fi/center/wuerth_centerit/nl_detail_1_1012.php,hameenlinna@Wurth.fi,,61.005338,24.415947,0147,https://www.wurth.fi/
abc,ESP,Direct Marketer,Würth,"Iisalmi, Karjalankatu	",Karjalankatu 43,Iisalmi,74120,103083090,,https://www.wurth.fi/fi/wurth_fi/center/wuerth_centerit/nl_detail_1_6272.php,iisalmi.karjalankatu@wurth.fi,,63.5697,27.1857,0682,https://www.wurth.fi/
abc,ESP,Direct Marketer,Würth,"Iisalmi, Kiviranta",Kivirannantie 7,Iisalmi,74130,103085200,,https://www.wurth.fi/fi/wurth_fi/center/wuerth_centerit/nl_detail_1_1085.php,iisalmi.kiviranta@Wurth.fi,,63.55257,27.20216,0130,https://www.wurth.fi/
abc,ESP,Direct Marketer,Würth,Ikaalinen,Kortteenkatu 1,Ikaalinen,39500,103085960,,https://www.wurth.fi/fi/wurth_fi/center/wuerth_centerit/nl_detail_1_3072.php,ikaalinen@Wurth.fi,,61.758553,23.06604,0558,https://www.wurth.fi/
abc,ESP,Direct Marketer,Würth,"Imatra, Mansikkala",Sukkulakatu 22,Imatra,55120,103085270,,https://www.wurth.fi/fi/wurth_fi/center/wuerth_centerit/nl_detail_1_1020.php,imatra.mansikkala@wurth.fi,,61.183,28.74448,0170,https://www.wurth.fi/
abc,ESP,Direct Marketer,Würth,"Imatra, Vuoksenniska",Retikankuja 2,Imatra,55800,103085300,,https://www.wurth.fi/fi/wurth_fi/center/wuerth_centerit/nl_detail_1_993.php,imatra.vuoksenniska@Wurth.fi,,61.22188,28.84073,0157,https://www.wurth.fi/
abc,ESP,Direct Marketer,Würth,Ivalo,Ivalontie 11,Ivalo,99800,103085760,,https://www.wurth.fi/fi/wurth_fi/center/wuerth_centerit/nl_detail_1_1216.php,ivalo@Wurth.fi,,68.657408,27.539758,0473,https://www.wurth.fi/
abc,ESP,Direct Marketer,Würth,"Joensuu, Kuurnankatu",Kuurnankatu 28,Joensuu,80130,103085150,,https://www.wurth.fi/fi/wurth_fi/center/wuerth_centerit/nl_detail_1_1004.php,joensuu@Wurth.fi,,62.61843,29.74687,0104,https://www.wurth.fi/
abc,ESP,Direct Marketer,Würth,"Joensuu, Teollisuuskatu",Teollisuuskatu 23,Joensuu,80100,103085190,,https://www.wurth.fi/fi/wurth_fi/center/wuerth_centerit/nl_detail_1_1063.php,joensuu.teollisuuskatu@Wurth.fi,,62.61398,29.77144,0389,https://www.wurth.fi/
abc,ESP,Direct Marketer,Würth,"Joensuu, Uimaharju",Honkajoentie 1,Joensuu,81280,408304725,,https://www.wurth.fi/fi/wurth_fi/center/wuerth_centerit/nl_detail_1_4160.php,joensuu.uimaharju@wurth.fi,,62.915059,30.251765,0609,https://www.wurth.fi/
abc,ESP,Direct Marketer,Würth,Jyväskylä Seppälänkangas,Vahtituvantie 1		,Jyväskylä,40320,103085170,,https://www.wurth.fi/fi/wurth_fi/center/wuerth_centerit/nl_detail_1_8384.php,jyvaskyla.seppalankangas@wurth.fi,,62.2815,25.80418,0749,https://www.wurth.fi/
abc,ESP,Direct Marketer,Würth,"Jyväskylä, Alasinkatu",Alasinkatu 11,Jyväskylä,40320,103083170,,https://www.wurth.fi/fi/wurth_fi/center/wuerth_centerit/nl_detail_1_973.php,jyvaskyla@Wurth.fi,,62.260503,25.781081,0105,https://www.wurth.fi/
abc,ESP,Direct Marketer,Würth,"Jyväskylä, Savela",Savelankatu 1,Jyväskylä,40700,103083160,,https://www.wurth.fi/fi/wurth_fi/center/wuerth_centerit/nl_detail_1_1005.php,jyvaskyla.savela@Wurth.fi,,62.24211,25.70503,0300,https://www.wurth.fi/
abc,ESP,Direct Marketer,Würth,Jämsä,Autokuja 1,Jämsä,42100,103083180,,https://www.wurth.fi/fi/wurth_fi/center/wuerth_centerit/nl_detail_1_1009.php,jamsa@Wurth.fi,,61.85715,25.18434,0131,https://www.wurth.fi/
abc,ESP,Direct Marketer,Würth,Järvenpää,Yrittäjänkatu 5,Järvenpää,04440,103082650,,https://www.wurth.fi/fi/wurth_fi/center/wuerth_centerit/nl_detail_1_1088.php,jarvenpaa@Wurth.fi,,60.499172,25.089391,0187,https://www.wurth.fi/
abc,ESP,Direct Marketer,Würth,"Järvenpää, Boogie",Diggarinkatu 4,Järvenpää,04420,103082770,,https://www.wurth.fi/fi/wurth_fi/center/wuerth_centerit/nl_detail_1_3200.php,jarvenpaa.boogie@Wurth.fi,,60.455824,25.11035,0567,https://www.wurth.fi/
abc,ESP,Direct Marketer,Würth,Kaarina,Hallimestarinkatu 12,Kaarina,20780,103084030,,https://www.wurth.fi/fi/wurth_fi/center/wuerth_centerit/nl_detail_1_1105.php,kaarina@Wurth.fi,,60.41897,22.38442,0138,https://www.wurth.fi/
abc,ESP,Direct Marketer,Würth,Kajaani,Lankkukuja 1,Kajaani,87400,103085800,,https://www.wurth.fi/fi/wurth_fi/center/wuerth_centerit/nl_detail_1_991.php,kajaani@Wurth.fi,,64.22283,27.771321,0133,https://www.wurth.fi/
abc,ESP,Direct Marketer,Würth,"Kajaani, Renfors",Tehdaskatu 15<br/>Otsoni 6 C 9,Kajaani,87100,103085810,,https://www.wurth.fi/fi/wurth_fi/center/wuerth_centerit/nl_detail_1_3328.php,kajaani.renfors@wurth.fi,,64.231857,27.686556,0349,https://www.wurth.fi/
abc,ESP,Direct Marketer,Würth,Kalajoki,Ymmyrkäisentie 14,Kalajoki,85100,103084040,,https://www.wurth.fi/fi/wurth_fi/center/wuerth_centerit/nl_detail_1_1079.php,kalajoki@Wurth.fi,,64.26817,23.95072,0176,https://www.wurth.fi/
abc,ESP,Direct Marketer,Würth,Kangasala,Lentolantie 35,Kangasala,36220,103083390,,https://www.wurth.fi/fi/wurth_fi/center/wuerth_centerit/nl_detail_1_1068.php,kangasala@wurth.fi,,61.481337,23.975426,0379,https://www.wurth.fi/
abc,ESP,Direct Marketer,Würth,Kankaanpää,Keskuskatu 3,Kankaanpää,38700,103084050,,https://www.wurth.fi/fi/wurth_fi/center/wuerth_centerit/nl_detail_1_975.php,kankaanpaa@Wurth.fi,,61.812711,22.380557,0141,https://www.wurth.fi/
abc,ESP,Direct Marketer,Würth,Karhula,Tikankatu 14,Kotka,48600,103083250,,https://www.wurth.fi/fi/wurth_fi/center/wuerth_centerit/nl_detail_1_1073.php,karhula@wurth.fi,,60.520737,26.949184,0338,https://www.wurth.fi/
abc,ESP,Direct Marketer,Würth,Karjaa,Ensikuja 3 ,Karjaa,10300,103085050,,https://www.wurth.fi/fi/wurth_fi/center/wuerth_centerit/nl_detail_1_3648.php,karjaa@Wurth.fi,,60.072586,23.70199,0601,https://www.wurth.fi/
abc,ESP,Direct Marketer,Würth,Karkkila,Yrittäjäntie 50,Karkkila,03600,103082670,,https://www.wurth.fi/fi/wurth_fi/center/wuerth_centerit/nl_detail_1_1094.php,karkkila@Wurth.fi,,60.51974,24.23947,0312,https://www.wurth.fi/
abc,ESP,Direct Marketer,Würth,Kauhajoki,Topeeka 68,Kauhajoki,61800,103084060,,https://www.wurth.fi/fi/wurth_fi/center/wuerth_centerit/nl_detail_1_986.php,kauhajoki@Wurth.fi,,62.4323,22.18204,0309,https://www.wurth.fi/
abc,ESP,Direct Marketer,Würth,Kausala,Hallitie 2		,Kausala,47400,103085330,,https://www.wurth.fi/fi/wurth_fi/center/wuerth_centerit/nl_detail_1_8256.php,kausala@wurth.fi,,60.89398,26.33516,0737,https://www.wurth.fi/
abc,ESP,Direct Marketer,Würth,Kemi,Karjalahdenkatu 3,Kemi,94600,103085840,,https://www.wurth.fi/fi/wurth_fi/center/wuerth_centerit/nl_detail_1_1013.php,kemi@Wurth.fi,,65.73378,24.58466,0140,https://www.wurth.fi/
abc,ESP,Direct Marketer,Würth,Kemijärvi,Rovaniementie 6,Kemijärvi,98100,103085850,,https://www.wurth.fi/fi/wurth_fi/center/wuerth_centerit/nl_detail_1_1038.php,kemijarvi@Wurth.fi,,66.71736,27.42725,0352,https://www.wurth.fi/
abc,ESP,Direct Marketer,Würth,Keminmaa,Valiontie 1,Keminmaa,94450,103085030,,https://www.wurth.fi/fi/wurth_fi/center/wuerth_centerit/nl_detail_1_8768.php,keminmaa@wurth.fi,,65.79896,24.50569,0780,https://www.wurth.fi/
abc,ESP,Direct Marketer,Würth,Kempele,Zatelliitintie 17 A,Kempele,90440,103085940,,https://www.wurth.fi/fi/wurth_fi/center/wuerth_centerit/nl_detail_1_1280.php,kempele@Wurth.fi,,64.913625,25.533289,0480,https://www.wurth.fi/
abc,ESP,Direct Marketer,Würth,Kerava,Jäspilänkatu 18,Kerava,04250,103082660,,https://www.wurth.fi/fi/wurth_fi/center/wuerth_centerit/nl_detail_1_1059.php,kerava@Wurth.fi,,60.39165,25.10697,0136,https://www.wurth.fi/
abc,ESP,Direct Marketer,Würth,Keuruu,Jyväskyläntie 5,Keuruu,42700,103083350,,https://www.wurth.fi/fi/wurth_fi/center/wuerth_centerit/nl_detail_1_962.php,keuruu@wurth.fi,,62.25522,24.71684,0392,https://www.wurth.fi/
abc,ESP,Direct Marketer,Würth,Kirkkonummi,Asentajantie 1,Kirkkonummi,02400,103082580,,https://www.wurth.fi/fi/wurth_fi/center/wuerth_centerit/nl_detail_1_2688.php,kirkkonummi@Wurth.fi,,60.117908,24.427204,0543,https://www.wurth.fi/
abc,ESP,Direct Marketer,Würth,Kitee,Kiteentie 46 B,Kitee,82500,103083879,,https://www.wurth.fi/fi/wurth_fi/center/wuerth_centerit/nl_detail_1_4928.php,kitee@wurth.fi,,62.10325,30.12197,0536,https://www.wurth.fi/
abc,ESP,Direct Marketer,Würth,Kittilä,Valtatie 43,Kittilä,99100,103085860,,https://www.wurth.fi/fi/wurth_fi/center/wuerth_centerit/nl_detail_1_990.php,kittila@Wurth.fi,,67.65808,24.90673,0308,https://www.wurth.fi/
abc,ESP,Direct Marketer,Würth,Klaukkala,Klaukkalantie 48 A,Klaukkala,01800,103082790,,https://www.wurth.fi/fi/wurth_fi/center/wuerth_centerit/nl_detail_1_7936.php,klaukkala@wurth.fi,,60.37153,24.76876,0728,https://www.wurth.fi/
abc,ESP,Direct Marketer,Würth,"Kokkola, Heinola",Heinolankaari 8,Kokkola,67600,103084090,,https://www.wurth.fi/fi/wurth_fi/center/wuerth_centerit/nl_detail_1_1051.php,kokkola.heinola@wurth.fi,,63.82764,23.1522,0114,https://www.wurth.fi/
abc,ESP,Direct Marketer,Würth,"Kokkola, Mesilä",Patamäentie 1,Kokkola,67100,103083380,,https://www.wurth.fi/fi/wurth_fi/center/wuerth_centerit/nl_detail_1_1010.php,kokkola.mesila@wurth.fi,,63.83198,23.11024,0435,https://www.wurth.fi/
abc,ESP,Direct Marketer,Würth,Kolari,Paloasemantie 2,Kolari,95900,103085980,,https://www.wurth.fi/fi/wurth_fi/center/wuerth_centerit/nl_detail_1_1056.php,kolari@Wurth.fi,,67.343215,23.827892,0380,https://www.wurth.fi/
abc,ESP,Direct Marketer,Würth,Kotka,Jylpyntie 26,Kotka,48230,103085400,,https://www.wurth.fi/fi/wurth_fi/center/wuerth_centerit/nl_detail_1_1098.php,kotka@Wurth.fi,,60.494793,26.903718,0142,https://www.wurth.fi/
abc,ESP,Direct Marketer,Würth,"Kotka, Mussalo",Kotolahdentie 24,Kotka,48310,103085390,,https://www.wurth.fi/fi/wurth_fi/center/wuerth_centerit/nl_detail_1_5440.php,kotka.mussalo@Wurth.fi,,60.43907,26.88584,0648,https://www.wurth.fi/
abc,ESP,Direct Marketer,Würth,"Kouvola, Alakyläntie",Alakyläntie 2,Kouvola,45130,103085250,,https://www.wurth.fi/fi/wurth_fi/center/wuerth_centerit/nl_detail_1_1104.php,kouvola@Wurth.fi,,60.86476,26.64653,0102,https://www.wurth.fi/
abc,ESP,Direct Marketer,Würth,"Kouvola, Katajaharju",Katajaharjuntie 1,Kouvola,45720,103085240,,https://www.wurth.fi/fi/wurth_fi/center/wuerth_centerit/nl_detail_1_979.php,kouvola.katajaharju@wurth.fi,,60.87892,26.65811,0364,https://www.wurth.fi/
abc,ESP,Direct Marketer,Würth,Kuhmo,Pajukuja 2,Kuhmo,88900,103085320,,https://www.wurth.fi/fi/wurth_fi/center/wuerth_centerit/nl_detail_1_6848.php,kuhmo@wurth.fi,,64.12273,29.50505,0704,https://www.wurth.fi/
abc,ESP,Direct Marketer,Würth,"Kulloo, Sköldvik",Nybyntie 2,Kulloo,06850,103082720,,https://www.wurth.fi/fi/wurth_fi/center/wuerth_centerit/nl_detail_1_1023.php,kulloo@Wurth.fi,,60.32673,25.48224,0168,https://www.wurth.fi/
abc,ESP,Direct Marketer,Würth,"Kuopio, Haapaniemi ",Teollisuuskatu 1,Kuopio,70620,103085100,,https://www.wurth.fi/fi/wurth_fi/center/wuerth_centerit/nl_detail_1_1061.php,kuopio.haapaniemi@Wurth.fi,,62.88055,27.65404,0347,https://www.wurth.fi/
abc,ESP,Direct Marketer,Würth,"Kuopio, Pitkälahti",Vitostie 1771,Kuopio,70800,103085140,,https://www.wurth.fi/fi/wurth_fi/center/wuerth_centerit/nl_detail_1_1065.php,kuopio.pitkalahti@Wurth.fi,,62.838259,27.607436,0362,https://www.wurth.fi/
abc,ESP,Direct Marketer,Würth,"Kuopio, Volttikatu",Volttikatu 5,Kuopio,70700,103085120,,https://www.wurth.fi/fi/wurth_fi/center/wuerth_centerit/nl_detail_1_1039.php,kuopio@Wurth.fi,,62.88263,27.62647,0108,https://www.wurth.fi/
abc,ESP,Direct Marketer,Würth,Kurikka,Markkihaka 3,Kurikka,61300,103083290,,https://www.wurth.fi/fi/wurth_fi/center/wuerth_centerit/nl_detail_1_6400.php,kurikka@wurth.fi,,62.619158,22.424117,0694,https://www.wurth.fi/
abc,ESP,Direct Marketer,Würth,Kuusamo,Torangintaival 2 A,Kuusamo,93600,103084080,,https://www.wurth.fi/fi/wurth_fi/center/wuerth_centerit/nl_detail_1_1097.php,kuusamo@Wurth.fi,,65.955965,29.159728,0179,https://www.wurth.fi/
abc,ESP,Direct Marketer,Würth,"Lahti, Kivistönmäki",Lahdenkatu 55,Lahti,15210,103083140,,https://www.wurth.fi/fi/wurth_fi/center/wuerth_centerit/nl_detail_1_972.php,lahti.kivisto@Wurth.fi,,60.99531,25.66615,0134,https://www.wurth.fi/
abc,ESP,Direct Marketer,Würth,"Lahti, Renkomäki",Laatukatu 17,Lahti,15680,103083120,,https://www.wurth.fi/fi/wurth_fi/center/wuerth_centerit/nl_detail_1_1072.php,lahti.renkomaki@wurth.fi,,60.93925,25.63725,0110,https://www.wurth.fi/
abc,ESP,Direct Marketer,Würth,"Lahti, Saksala",Hakakatu 1,Lahti,15520,103083150,,https://www.wurth.fi/fi/wurth_fi/center/wuerth_centerit/nl_detail_1_2624.php,lahti.saksala@Wurth.fi,,60.973362,25.681201,0545,https://www.wurth.fi/
abc,ESP,Direct Marketer,Würth,Laitila,Ilomäentie 7,Laitila,23800,103084100,,https://www.wurth.fi/fi/wurth_fi/center/wuerth_centerit/nl_detail_1_992.php,laitila@Wurth.fi,,60.87424,21.70403,0163,https://www.wurth.fi/
abc,ESP,Direct Marketer,Würth,Lappeenranta,Myllymäenkatu 16,Lappeenranta,53550,103085350,,https://www.wurth.fi/fi/wurth_fi/center/wuerth_centerit/nl_detail_1_1058.php,lappeenranta@Wurth.fi,,61.039516,28.203541,0128,https://www.wurth.fi/
abc,ESP,Direct Marketer,Würth,Lapua,Kelikontie 1,Lapua,62100,103085280,,https://www.wurth.fi/fi/wurth_fi/center/wuerth_centerit/nl_detail_1_1045.php,lapua@wurth.fi,,62.97578,23.02069,0405,https://www.wurth.fi/
abc,ESP,Direct Marketer,Würth,Lempäälä,Realparkinkatu 4,Lempäälä,37570,103083110,,https://www.wurth.fi/fi/wurth_fi/center/wuerth_centerit/nl_detail_1_987.php,lempaala@wurth.fi,,61.368242,23.799253,0172,https://www.wurth.fi/
abc,ESP,Direct Marketer,Würth,Leppävirta,Kokoojatie 11,Leppävirta,79100,103085010,,https://www.wurth.fi/fi/wurth_fi/center/wuerth_centerit/nl_detail_1_1016.php,leppavirta@Wurth.fi,,62.49138,27.76285,0197,https://www.wurth.fi/
abc,ESP,Direct Marketer,Würth,Lieksa,Energiatie 2,Lieksa,81700,103085090,,https://www.wurth.fi/fi/wurth_fi/center/wuerth_centerit/nl_detail_1_3904.php,lieksa@wurth.fi,,63.316209,30.024059,0598,https://www.wurth.fi/
abc,ESP,Direct Marketer,Würth,"Lohja, Ojamonharju",Vappulantie 475,Lohja,08200,103082680,,https://www.wurth.fi/fi/wurth_fi/center/wuerth_centerit/nl_detail_1_978.php,lohja.ojamonharju@Wurth.fi,,60.22576,24.02605,0120,https://www.wurth.fi/
abc,ESP,Direct Marketer,Würth,"Lohja, Pappilankorpi",Levysepäntie 2,Lohja,08150,103082740,,https://www.wurth.fi/fi/wurth_fi/center/wuerth_centerit/nl_detail_1_1029.php,lohja.pappilankorpi@Wurth.fi,,60.25192,24.10133,0165,https://www.wurth.fi/
abc,ESP,Direct Marketer,Würth,Loimaa,Lamminkatu 33,Loimaa,32200,103084120,,https://www.wurth.fi/fi/wurth_fi/center/wuerth_centerit/nl_detail_1_1028.php,loimaa@Wurth.fi,,60.846084,23.028515,0160,https://www.wurth.fi/
abc,ESP,Direct Marketer,Würth,Loviisa,Länsikaari 1 C,Loviisa,07900,103085380,,https://www.wurth.fi/fi/wurth_fi/center/wuerth_centerit/nl_detail_1_1036.php,loviisa@Wurth.fi,,60.45854,26.19198,0375,https://www.wurth.fi/
abc,ESP,Direct Marketer,Würth,Mikkeli,Otavankatu 21,Mikkeli,50130,103085500,,https://www.wurth.fi/fi/wurth_fi/center/wuerth_centerit/nl_detail_1_1030.php,mikkeli@Wurth.fi,,61.683243,27.23762,0132,https://www.wurth.fi/
abc,ESP,Direct Marketer,Würth,"Mikkeli, Rinnekatu",Rinnekatu 2,Mikkeli,50100,103085520,,https://www.wurth.fi/fi/wurth_fi/center/wuerth_centerit/nl_detail_1_1078.php,mikkeli.rinnekatu@wurth.fi,,61.67888,27.27038,0365,https://www.wurth.fi/
abc,ESP,Direct Marketer,Würth,Mäntsälä,Perkkiönpellontie 4,Mäntsälä,04600,103082710,,https://www.wurth.fi/fi/wurth_fi/center/wuerth_centerit/nl_detail_1_1022.php,mantsala@Wurth.fi,,60.62391,25.28821,0320,https://www.wurth.fi/
abc,ESP,Direct Marketer,Würth,"Mänttä, Vilppula",Isonnevantie 1,Mänttä,35800,103084330,,https://www.wurth.fi/fi/wurth_fi/center/wuerth_centerit/nl_detail_1_1050.php,mantta@wurth.fi,,62.031871,24.564194,0302,https://www.wurth.fi/
abc,ESP,Direct Marketer,Würth,Naantali,Hankekatu 3,Naantali,21100,103082990,,https://www.wurth.fi/fi/wurth_fi/center/wuerth_centerit/nl_detail_1_1920.php,naantali@wurth.fi,,60.472099,22.067443,0524,https://www.wurth.fi/
abc,ESP,Direct Marketer,Würth,Nastola,Puotitie 1,Nastola,15560,103083220,,https://www.wurth.fi/fi/wurth_fi/center/wuerth_centerit/nl_detail_1_1027.php,nastola@Wurth.fi,,60.9463,25.89367,0353,https://www.wurth.fi/
abc,ESP,Direct Marketer,Würth,Nivala,Teollisuustie 2,Nivala,85500,103085660,,https://www.wurth.fi/fi/wurth_fi/center/wuerth_centerit/nl_detail_1_1053.php,nivala@wurth.fi,,63.93526,24.95769,0381,https://www.wurth.fi/
abc,ESP,Direct Marketer,Würth,Nokia,Juhansuonkatu 4,Nokia,37150,103084130,,https://www.wurth.fi/fi/wurth_fi/center/wuerth_centerit/nl_detail_1_1083.php,nokia@Wurth.fi,,61.504831,23.56721,0178,https://www.wurth.fi/
abc,ESP,Direct Marketer,Würth,Nummela,Hiidenmäentie 2,Nummela,03100,103084110,,https://www.wurth.fi/fi/wurth_fi/center/wuerth_centerit/nl_detail_1_969.php,nummela@Wurth.fi,,60.32719,24.30886,0194,https://www.wurth.fi/
abc,ESP,Direct Marketer,Würth,"Nurmijärvi, Ilvesvuori",Ilvesvuorenkatu 1,Nurmijärvi,01900,103082690,,https://www.wurth.fi/fi/wurth_fi/center/wuerth_centerit/nl_detail_1_1087.php,nurmijarvi@Wurth.fi,,60.45543,24.84076,0306,https://www.wurth.fi/
abc,ESP,Direct Marketer,Würth,Närpiö,Högback industrivägen 2,Närpiö,64200,103085040,,https://www.wurth.fi/fi/wurth_fi/center/wuerth_centerit/nl_detail_1_3264.php,narpio@Wurth.fi,,62.477796,21.384781,0580,https://www.wurth.fi/
abc,ESP,Direct Marketer,Würth,Orimattila,Veteraanitie 1,Orimattila,16300,103082960,,https://www.wurth.fi/fi/wurth_fi/center/wuerth_centerit/nl_detail_1_1089.php,orimattila@wurth.fi,,60.80971,25.73097,0390,https://www.wurth.fi/
abc,ESP,Direct Marketer,Würth,Orivesi,Teollisuustie 25,Orivesi,35300,103083300,,https://www.wurth.fi/fi/wurth_fi/center/wuerth_centerit/nl_detail_1_3008.php,orivesi@Wurth.fi,,61.686743,24.371789,0557,https://www.wurth.fi/
abc,ESP,Direct Marketer,Würth,"Oulu, Alppila",Kaarnatie 4,Oulu,90530,103085710,,https://www.wurth.fi/fi/wurth_fi/center/wuerth_centerit/nl_detail_1_1067.php,oulu.alppila@wurth.fi,,65.03259,25.46458,0167,https://www.wurth.fi/
abc,ESP,Direct Marketer,Würth,"Oulu, Joutsensilta",Kempeleentie 9,Oulu,90400,103085700,,https://www.wurth.fi/fi/wurth_fi/center/wuerth_centerit/nl_detail_1_1076.php,oulu.joutsensilta@Wurth.fi,,64.99737,25.46186,0107,https://www.wurth.fi/
abc,ESP,Direct Marketer,Würth,"Oulu, OYS",Kiviharjunkuja 6,Oulu,90220,444770217,,https://www.wurth.fi/fi/wurth_fi/center/wuerth_centerit/nl_detail_1_8320.php,oulu.oys@wurth.fi,,65.00865,25.51495,0608,https://www.wurth.fi/
abc,ESP,Direct Marketer,Würth,"Oulu, Rusko",Takalaanilantie 1,Oulu,90620,103085750,,https://www.wurth.fi/fi/wurth_fi/center/wuerth_centerit/nl_detail_1_1074.php,oulu.rusko@Wurth.fi,,65.04114,25.54032,0148,https://www.wurth.fi/
abc,ESP,Direct Marketer,Würth,Outokumpu,Karjalankatu 15,Outokumpu,83500,103085180,,https://www.wurth.fi/fi/wurth_fi/center/wuerth_centerit/nl_detail_1_1064.php,outokumpu@wurth.fi,,62.71547,29.01335,0383,https://www.wurth.fi/
abc,ESP,Direct Marketer,Würth,Parainen,Vuoritie 2,Parainen,21600,103084380,,https://www.wurth.fi/fi/wurth_fi/center/wuerth_centerit/nl_detail_1_994.php,parainen@wurth.fi,,60.31688,22.33162,0368,https://www.wurth.fi/
abc,ESP,Direct Marketer,Würth,Parkano,Keskuskatu 7,Parkano,39700,103084150,,https://www.wurth.fi/fi/wurth_fi/center/wuerth_centerit/nl_detail_1_1092.php,parkano@Wurth.fi,,62.010067,23.021082,0180,https://www.wurth.fi/
abc,ESP,Direct Marketer,Würth,Pieksämäki,Vilhontie 6,Pieksämäki,76150,103084170,,https://www.wurth.fi/fi/wurth_fi/center/wuerth_centerit/nl_detail_1_1044.php,pieksamaki@Wurth.fi,,62.29014,27.11237,0181,https://www.wurth.fi/
abc,ESP,Direct Marketer,Würth,Pietarsaari,Vaunusepäntie 18,Pietarsaari,68660,103084140,,https://www.wurth.fi/fi/wurth_fi/center/wuerth_centerit/nl_detail_1_966.php,pietarsaari@Wurth.fi,,63.680218,22.732483,0129,https://www.wurth.fi/
abc,ESP,Direct Marketer,Würth,Pirkkala,Jasperintie 310,Pirkkala,33960,103083130,,https://www.wurth.fi/fi/wurth_fi/center/wuerth_centerit/nl_detail_1_968.php,pirkkala@Wurth.fi,,61.44752,23.64605,0336,https://www.wurth.fi/
abc,ESP,Direct Marketer,Würth,"Pori, Kartano",Sepänpellontie 1-3,Pori,28430,103084160,,https://www.wurth.fi/fi/wurth_fi/center/wuerth_centerit/nl_detail_1_998.php,pori.kartano@wurth.fi,,61.45347,21.8542,0111,https://www.wurth.fi/
abc,ESP,Direct Marketer,Würth,"Pori, Meri-Pori",Santojentie 8,Pori,28840,103084020,,https://www.wurth.fi/fi/wurth_fi/center/wuerth_centerit/nl_detail_1_1006.php,meri-pori@Wurth.fi,,61.574969,21.541602,0316,https://www.wurth.fi/
abc,ESP,Direct Marketer,Würth,"Pori, Tikkula",Hevoshaankatu 1 B,Pori,28600,103084180,,https://www.wurth.fi/fi/wurth_fi/center/wuerth_centerit/nl_detail_1_985.php,pori.tikkula@Wurth.fi,,61.4958,21.73639,0137,https://www.wurth.fi/
abc,ESP,Direct Marketer,Würth,"Porvoo, Asentajantie",Asentajantie 2,Porvoo,06150,103082700,,https://www.wurth.fi/fi/wurth_fi/center/wuerth_centerit/nl_detail_1_971.php,porvoo@Wurth.fi,,60.3997,25.68506,0123,https://www.wurth.fi/
abc,ESP,Direct Marketer,Würth,"Porvoo, Kuninkaanportti",Ratsumestarinkatu 6,Porvoo,06100,103082760,,https://www.wurth.fi/fi/wurth_fi/center/wuerth_centerit/nl_detail_1_1106.php,porvoo.kuninkaanportti@Wurth.fi,,60.389984,25.60643,0373,https://www.wurth.fi/
abc,ESP,Direct Marketer,Würth,Raahe,Rakentajankatu 7,Raahe,92130,103085600,,https://www.wurth.fi/fi/wurth_fi/center/wuerth_centerit/nl_detail_1_988.php,raahe@Wurth.fi,,64.6856,24.501135,0151,https://www.wurth.fi/
abc,ESP,Direct Marketer,Würth,"Raahe, Lapaluoto",Pikiväylä 1,Lapaluoto,92180,103085610,,https://www.wurth.fi/fi/wurth_fi/center/wuerth_centerit/nl_detail_1_5568.php,raahe.lapaluoto@Wurth.fi,,64.666523,24.432422,0653,https://www.wurth.fi/
abc,ESP,Direct Marketer,Würth,Raisio,Alhaistentie 6,Raisio,21200,103084200,,https://www.wurth.fi/fi/wurth_fi/center/wuerth_centerit/nl_detail_1_1002.php,raisio@Wurth.fi,,60.47991,22.15942,0143,https://www.wurth.fi/
abc,ESP,Direct Marketer,Würth,"Rauma, Papinhaka",Viaporin Portti 2,Rauma,26100,103084220,,https://www.wurth.fi/fi/wurth_fi/center/wuerth_centerit/nl_detail_1_1000.php,rauma.papinhaka@wurth.fi,,61.1366,21.50398,0115,https://www.wurth.fi/
abc,ESP,Direct Marketer,Würth,"Rauma, Suojantie",Ruokluodonkatu 1,Rauma,26100,103084350,,https://www.wurth.fi/fi/wurth_fi/center/wuerth_centerit/nl_detail_1_974.php,rauma.suojantie@Wurth.fi,,61.12417,21.47311,0329,https://www.wurth.fi/
abc,ESP,Direct Marketer,Würth,"Riihimäki, Assy",Yrittäjänkatu 2,Riihimäki,11710,103084210,,https://www.wurth.fi/fi/wurth_fi/center/wuerth_centerit/nl_detail_1_967.php,riihimaki.assy@wurth.fi,,60.72161,24.7442,0307,https://www.wurth.fi/
abc,ESP,Direct Marketer,Würth,"Riihimäki, Herajoki",Würthintie 1,Riihimäki,11710,358103086224,,https://www.wurth.fi/fi/wurth_fi/center/wuerth_centerit/nl_detail_1_970.php,riihimaki@wurth.fi,,60.694115,24.751073,0106,https://www.wurth.fi/
abc,ESP,Direct Marketer,Würth,"Rovaniemi, Teollisuustie",Teollisuustie 21,Rovaniemi,96300,103085900,,https://www.wurth.fi/fi/wurth_fi/center/wuerth_centerit/nl_detail_1_1011.php,rovaniemi@Wurth.fi,,66.4906,25.66309,0125,https://www.wurth.fi/
abc,ESP,Direct Marketer,Würth,"Rovaniemi, Varastotie",Varastotie 1,Rovaniemi,96100,103085910,,https://www.wurth.fi/fi/wurth_fi/center/wuerth_centerit/nl_detail_1_1080.php,rovaniemi.varastotie@wurth.fi,,66.49497,25.7151,0374,https://www.wurth.fi/
abc,ESP,Direct Marketer,Würth,Salo,Myllyojankatu 24A,Salo,24100,103084240,,https://www.wurth.fi/fi/wurth_fi/center/wuerth_centerit/nl_detail_1_977.php,salo@Wurth.fi,,60.38624,23.10165,0118,https://www.wurth.fi/
abc,ESP,Direct Marketer,Würth,Sastamala,Kauppakaari 4,Sastamala,38200,103083080,,https://www.wurth.fi/fi/wurth_fi/center/wuerth_centerit/nl_detail_1_999.php,sastamala@wurth.fi,,61.32329,22.91744,0119,https://www.wurth.fi/
abc,ESP,Direct Marketer,Würth,Savonlinna,Ilokallionkatu 6,Savonlinna,57200,103085260,,https://www.wurth.fi/fi/wurth_fi/center/wuerth_centerit/nl_detail_1_960.php,savonlinna@Wurth.fi,,61.87044,28.92047,0171,https://www.wurth.fi/
abc,ESP,Direct Marketer,Würth,"Seinäjoki, Rengastie",Rengastie 1,Seinäjoki,60120,64177701,,https://www.wurth.fi/fi/wurth_fi/center/wuerth_centerit/nl_detail_1_1055.php,seinajoki.rengastie@Wurth.fi,,62.80034,22.844752,0448,https://www.wurth.fi/
abc,ESP,Direct Marketer,Würth,"Seinäjoki, Tuottajantie",Tuottajantie 5,Seinäjoki,60100,103084320,,https://www.wurth.fi/fi/wurth_fi/center/wuerth_centerit/nl_detail_1_982.php,seinajoki@Wurth.fi,,62.789053,22.859099,0112,https://www.wurth.fi/
abc,ESP,Direct Marketer,Würth,"Siilinjärvi, Keskusta",Toritie 7,Siilinjärvi,71800,103085230,,https://www.wurth.fi/fi/wurth_fi/center/wuerth_centerit/nl_detail_1_4096.php,Siilinjarvi.Keskusta@Wurth.fi,,63.07465,27.65762,0615,https://www.wurth.fi/
abc,ESP,Direct Marketer,Würth,"Siilinjärvi, Toivala",Takojantie 26,Toivala,70900,103085220,,https://www.wurth.fi/fi/wurth_fi/center/wuerth_centerit/nl_detail_1_1041.php,siilinjarvi.toivala@wurth.fi ,,62.97946,27.71146,0328,https://www.wurth.fi/
abc,ESP,Direct Marketer,Würth,Sodankylä,Vuotturaippa 51,Sodankylä,99600,103085930,,https://www.wurth.fi/fi/wurth_fi/center/wuerth_centerit/nl_detail_1_996.php,sodankyla@Wurth.fi,,67.43451,26.57373,0331,https://www.wurth.fi/
abc,ESP,Direct Marketer,Würth,Somero,Tehdastie 4,Somero,31400,103083280,,https://www.wurth.fi/fi/wurth_fi/center/wuerth_centerit/nl_detail_1_1090.php,somero@Wurth.fi,,60.638784,23.512405,0335,https://www.wurth.fi/
abc,ESP,Direct Marketer,Würth,Sotkamo,Kainuuntie 6,Sotkamo,88600,103085820,,https://www.wurth.fi/fi/wurth_fi/center/wuerth_centerit/nl_detail_1_3776.php,sotkamo@wurth.fi,,64.13126044303425,28.36540456981409,0593,https://www.wurth.fi/
abc,ESP,Direct Marketer,Würth,Suonenjoki,Iisvedentie 2,Suonenjoki,77600,103084370,,https://www.wurth.fi/fi/wurth_fi/center/wuerth_centerit/nl_detail_1_8448.php,Suonenjoki@wurth.fi,,62.62641,27.12222,0760,https://www.wurth.fi/
abc,ESP,Direct Marketer,Würth,Tammisaari,Mekaanikontie 6,Tammisaari,10600,103084250,,https://www.wurth.fi/fi/wurth_fi/center/wuerth_centerit/nl_detail_1_1003.php,tammisaari@Wurth.fi,,59.981655,23.455545,0185,https://www.wurth.fi/
abc,ESP,Direct Marketer,Würth,"Tampere, Hervanta",Hepolamminkatu 31,Tampere,33720,103083060,,https://www.wurth.fi/fi/wurth_fi/center/wuerth_centerit/nl_detail_1_1086.php,tampere.hervanta@Wurth.fi,,61.46023,23.865505,0317,https://www.wurth.fi/
abc,ESP,Direct Marketer,Würth,"Tampere, Kaukajärvi",Kirsikatu 3,Tampere,33710,103083320,,https://www.wurth.fi/fi/wurth_fi/center/wuerth_centerit/nl_detail_1_1057.php,tampere.kaukajarvi@Wurth.fi,,61.477006,23.875073,0166,https://www.wurth.fi/
abc,ESP,Direct Marketer,Würth,"Tampere, Lielahti",Energiankatu 11,Tampere,33400,103083100,,https://www.wurth.fi/fi/wurth_fi/center/wuerth_centerit/nl_detail_1_1066.php,tampere.lielahti@Wurth.fi,,61.51297,23.67416,0135,https://www.wurth.fi/
abc,ESP,Direct Marketer,Würth,"Tampere, Nekala",Kuokkamaantie 2,Tampere,33800,103083330,,https://www.wurth.fi/fi/wurth_fi/center/wuerth_centerit/nl_detail_1_983.php,tampere.kuokkamaantie@Wurth.fi,,61.48224,23.77661,0363,https://www.wurth.fi/
abc,ESP,Direct Marketer,Würth,"Tampere, Sarankulma",Nuutisarankatu 35,Tampere,33900,103083360,,https://www.wurth.fi/fi/wurth_fi/center/wuerth_centerit/nl_detail_1_4736.php,tampere.sarankulma@wurth.fi,,61.459962,23.726302,0637,https://www.wurth.fi/
abc,ESP,Direct Marketer,Würth,Toijala,Sirkesalontie 3,Akaa,37800,103084290,,https://www.wurth.fi/fi/wurth_fi/center/wuerth_centerit/nl_detail_1_1032.php,toijala@Wurth.fi,,61.1793,23.88683,0188,https://www.wurth.fi/
abc,ESP,Direct Marketer,Würth,Tornio,Teollisuuskatu 3,Tornio,95420,103085970,,https://www.wurth.fi/fi/wurth_fi/center/wuerth_centerit/nl_detail_1_1103.php,tornio@Wurth.fi,,65.84361,24.18796,0153,https://www.wurth.fi/
abc,ESP,Direct Marketer,Würth,"Tornio, Outokumpu",Selleenkatu 200,Tornio,95450,103085950,,https://www.wurth.fi/fi/wurth_fi/center/wuerth_centerit/nl_detail_1_6336.php,w-outokumpu.tornio@wurth.fi,,65.76802,24.14643,0339,https://www.wurth.fi/
abc,ESP,Direct Marketer,Würth,"Turku, Iso-Heikkilä",Iso-Heikkiläntie 8,Turku,20200,103084270,,https://www.wurth.fi/fi/wurth_fi/center/wuerth_centerit/nl_detail_1_1047.php,turku.iso-heikkila@wurth.fi,,60.45084,22.23615,0177,https://www.wurth.fi/
abc,ESP,Direct Marketer,Würth,"Turku, Oriketo",Vanha Tampereentie 186,Turku,20380,103084260,,https://www.wurth.fi/fi/wurth_fi/center/wuerth_centerit/nl_detail_1_1069.php,turku.oriketo@Wurth.fi,,60.48689,22.31625,0139,https://www.wurth.fi/
abc,ESP,Direct Marketer,Würth,"Turku, Pitkämäki",Alakyläntie 1,Turku,20250,103083270,,https://www.wurth.fi/fi/wurth_fi/center/wuerth_centerit/nl_detail_1_4480.php,turku.pitkamaki@wurth.fi,,60.4579,22.22898,0616,https://www.wurth.fi/
abc,ESP,Direct Marketer,Würth,"Turku, Rykmentintie",Rykmentintie 2,Turku,20810,103085020,,https://www.wurth.fi/fi/wurth_fi/center/wuerth_centerit/nl_detail_1_989.php,turku.rykmentintie@Wurth.fi,,60.43325,22.24707,0371,https://www.wurth.fi/
abc,ESP,Direct Marketer,Würth,"Turku, Skanssi",Mustionkatu 4,Turku,20750,103084390,,https://www.wurth.fi/fi/wurth_fi/center/wuerth_centerit/nl_detail_1_5056.php,turku.skanssi@wurth.fi,,60.43793,22.3227,0369,https://www.wurth.fi/
abc,ESP,Direct Marketer,Würth,"Tuusula, Hyrylä",Sulantie 2,Tuusula,04300,103082620,,https://www.wurth.fi/fi/wurth_fi/center/wuerth_centerit/nl_detail_1_1060.php,hyryla@Wurth.fi,,60.384392,25.026384,0164,https://www.wurth.fi/
abc,ESP,Direct Marketer,Würth,Uusikaupunki,Ketunkalliontie 2,Uusikaupunki,23500,103084280,,https://www.wurth.fi/fi/wurth_fi/center/wuerth_centerit/nl_detail_1_1084.php,uusikaupunki@Wurth.fi,,60.80445,21.424,0117,https://www.wurth.fi/
abc,ESP,Direct Marketer,Würth,"Vaasa, Kivihaka",Gneissikuja 1,Vaasa,65300,103084310,,https://www.wurth.fi/fi/wurth_fi/center/wuerth_centerit/nl_detail_1_980.php,vaasa.kivihaka@Wurth.fi,,63.1136,21.65813,0301,https://www.wurth.fi/
abc,ESP,Direct Marketer,Würth,"Vaasa, Klemettilä",Myllärinkatu 12,Vaasa,65100,103083030,,https://www.wurth.fi/fi/wurth_fi/center/wuerth_centerit/nl_detail_1_1049.php,vaasa.klemettila@Wurth.fi,,63.09614,21.63777,0342,https://www.wurth.fi/
abc,ESP,Direct Marketer,Würth,"Vaasa, Runsor",Liikekuja 2,Vaasa,65380,103084300,,https://www.wurth.fi/fi/wurth_fi/center/wuerth_centerit/nl_detail_1_1015.php,vaasa.runsor@Wurth.fi,,63.05827,21.73489,0351,https://www.wurth.fi/
abc,ESP,Direct Marketer,Würth,Valkeakoski,Sammonkatu 3,Valkeakoski,37600,103083050,,https://www.wurth.fi/fi/wurth_fi/center/wuerth_centerit/nl_detail_1_1035.php,valkeakoski.lumikorpi@wurth.fi,,61.26459,24.0476,0122,https://www.wurth.fi/
abc,ESP,Direct Marketer,Würth,"Vantaa, Koivuhaka",Tikkurilantie 98,Vantaa,01510,103082730,,https://www.wurth.fi/fi/wurth_fi/center/wuerth_centerit/nl_detail_1_995.php,vantaa.koivuhaka@wurth.fi,,60.292325,24.995863,0313,https://www.wurth.fi/
abc,ESP,Direct Marketer,Würth,"Vantaa, Lentokenttä",Lentäjäntie 1 E,Vantaa,01530,103082860,,https://www.wurth.fi/fi/wurth_fi/center/wuerth_centerit/nl_detail_1_3136.php,vantaa.lentokentta@Wurth.fi,,60.316101,24.965646,0570,https://www.wurth.fi/
abc,ESP,Direct Marketer,Würth,"Vantaa, Tammisto",Ylästöntie 9,Vantaa,01510,103082800,,https://www.wurth.fi/fi/wurth_fi/center/wuerth_centerit/nl_detail_1_1054.php,vantaa.tammisto@Wurth.fi,,60.282890040773744,24.97520346972746,0150,https://www.wurth.fi/
abc,ESP,Direct Marketer,Würth,"Vantaa, Tähtäinkuja",Tähtäinkuja 1,Vantaa,01530,103082810,,https://www.wurth.fi/fi/wurth_fi/center/wuerth_centerit/nl_detail_1_976.php,vantaa.tahtainkuja@Wurth.fi,,60.29871,24.94104,0341,https://www.wurth.fi/
abc,ESP,Direct Marketer,Würth,"Vantaa, Vantaankoski",Vantaankoskentie 16,Vantaa,01670,103082820,,https://www.wurth.fi/fi/wurth_fi/center/wuerth_centerit/nl_detail_1_1024.php,vantaankoski@wurth.fi,,60.292947,24.862578,0154,https://www.wurth.fi/
abc,ESP,Direct Marketer,Würth,"Vantaa, Vapaala",Torpantie 2,Vantaa,01650,103082830,,https://www.wurth.fi/fi/wurth_fi/center/wuerth_centerit/nl_detail_1_1031.php,vantaa.vapaala@wurth.fi,,60.25381,24.8295,0400,https://www.wurth.fi/
abc,ESP,Direct Marketer,Würth,"Vantaa, Varisto",Riihimiehentie 7,Vantaa,01720,103082840,,https://www.wurth.fi/fi/wurth_fi/center/wuerth_centerit/nl_detail_1_1042.php,vantaa.varisto@Wurth.fi,,60.27692,24.81525,0445,https://www.wurth.fi/
abc,ESP,Direct Marketer,Würth,Varkaus,Relanderinkatu 44,Varkaus,78200,103085000,,https://www.wurth.fi/fi/wurth_fi/center/wuerth_centerit/nl_detail_1_963.php,Varkaus@Wurth.fi,,62.31641,27.86446,0126,https://www.wurth.fi/
abc,ESP,Direct Marketer,Würth,Viitasaari,Mustasuontie 6,Viitasaari,44500,103082970,,https://www.wurth.fi/fi/wurth_fi/center/wuerth_centerit/nl_detail_1_5248.php,viitasaari@Wurth.fi,,63.092,25.86069,0640,https://www.wurth.fi/
abc,ESP,Direct Marketer,Würth,Ylitornio,Alkkulanraitti 123,Ylitornio,95600,103085920,,https://www.wurth.fi/fi/wurth_fi/center/wuerth_centerit/nl_detail_1_6016.php,ylitornio@Wurth.fi,,66.33732,23.68819,0668,https://www.wurth.fi/
abc,ESP,Direct Marketer,Würth,Ylivieska,Ratakatu 19,Ylivieska,84100,103085650,,https://www.wurth.fi/fi/wurth_fi/center/wuerth_centerit/nl_detail_1_1091.php,ylivieska@Wurth.fi,,64.06759,24.54489,0146,https://www.wurth.fi/
abc,ESP,Direct Marketer,Würth,Ylöjärvi,Elotie 6,Ylöjärvi,33470,103085510,,https://www.wurth.fi/fi/wurth_fi/center/wuerth_centerit/nl_detail_1_1062.php,ylojarvi@Wurth.fi,,61.55618,23.5717,0186,https://www.wurth.fi/
abc,ESP,Direct Marketer,Würth,Ähtäri,Yrittäjäntie 1,Ähtäri,63700,103084340,,https://www.wurth.fi/fi/wurth_fi/center/wuerth_centerit/nl_detail_1_981.php,ahtari@Wurth.fi,,62.55403,24.09992,0303,https://www.wurth.fi/
abc,ESP,Direct Marketer,Würth,Äänekoski,Kotakennääntie 53,Äänekoski,44100,103083200,,https://www.wurth.fi/fi/wurth_fi/center/wuerth_centerit/nl_detail_1_997.php,aanekoski@Wurth.fi,,62.60343776226884,25.70290910189453,0174,https://www.wurth.fi/
abc,ESP,Direct Marketer,Würth,Åland,Michaelsvägen 2,Jomala,22150,103085340,,https://www.wurth.fi/fi/wurth_fi/center/wuerth_centerit/nl_detail_1_1344.php,aland@Wurth.fi,,60.132006,19.937588,0492,https://www.wurth.fi/
